stamp,size,threshold,rep,tag,real_s,cpu_s,proc_s,peak_ram_gb,wall_s,kept_fast,promoted_hac,pct_hac,fastq,cascade_tsv,console,exit_code
20260731T040555Z,1k,8,1,cascade_1k_thr08_r01,13.379,7.46,13.093,3.136,14.448,942,58,5.8,docs-riley/cascade-threshold-sweep/20260731T040555Z/fastq/output_cascade_1k_thr08_r01.fastq,docs-riley/cascade-threshold-sweep/20260731T040555Z/cascade-logs/cascade_1k_thr08_r01.tsv,docs-riley/cascade-threshold-sweep/20260731T040555Z/consoles/cascade_1k_thr08_r01.txt,0
20260731T040555Z,1k,8,2,cascade_1k_thr08_r02,13.313,7.352,13.038,3.13,14.340,942,58,5.8,docs-riley/cascade-threshold-sweep/20260731T040555Z/fastq/output_cascade_1k_thr08_r02.fastq,docs-riley/cascade-threshold-sweep/20260731T040555Z/cascade-logs/cascade_1k_thr08_r02.tsv,docs-riley/cascade-threshold-sweep/20260731T040555Z/consoles/cascade_1k_thr08_r02.txt,0
20260731T040555Z,1k,8,3,cascade_1k_thr08_r03,13.421,7.488,13.14,3.133,14.460,942,58,5.8,docs-riley/cascade-threshold-sweep/20260731T040555Z/fastq/output_cascade_1k_thr08_r03.fastq,docs-riley/cascade-threshold-sweep/20260731T040555Z/cascade-logs/cascade_1k_thr08_r03.tsv,docs-riley/cascade-threshold-sweep/20260731T040555Z/consoles/cascade_1k_thr08_r03.txt,0
20260731T040555Z,1k,9,1,cascade_1k_thr09_r01,15.796,9.753,15.511,3.127,16.833,887,113,11.3,docs-riley/cascade-threshold-sweep/20260731T040555Z/fastq/output_cascade_1k_thr09_r01.fastq,docs-riley/cascade-threshold-sweep/20260731T040555Z/cascade-logs/cascade_1k_thr09_r01.tsv,docs-riley/cascade-threshold-sweep/20260731T040555Z/consoles/cascade_1k_thr09_r01.txt,0
20260731T040555Z,1k,9,2,cascade_1k_thr09_r02,16.087,9.999,15.807,3.128,17.132,887,113,11.3,docs-riley/cascade-threshold-sweep/20260731T040555Z/fastq/output_cascade_1k_thr09_r02.fastq,docs-riley/cascade-threshold-sweep/20260731T040555Z/cascade-logs/cascade_1k_thr09_r02.tsv,docs-riley/cascade-threshold-sweep/20260731T040555Z/consoles/cascade_1k_thr09_r02.txt,0
20260731T040555Z,1k,9,3,cascade_1k_thr09_r03,16.038,9.929,15.759,3.127,17.070,887,113,11.3,docs-riley/cascade-threshold-sweep/20260731T040555Z/fastq/output_cascade_1k_thr09_r03.fastq,docs-riley/cascade-threshold-sweep/20260731T040555Z/cascade-logs/cascade_1k_thr09_r03.tsv,docs-riley/cascade-threshold-sweep/20260731T040555Z/consoles/cascade_1k_thr09_r03.txt,0
20260731T040555Z,1k,10,1,cascade_1k_thr10_r01,18.409,12.135,18.128,3.132,19.450,832,168,16.8,docs-riley/cascade-threshold-sweep/20260731T040555Z/fastq/output_cascade_1k_thr10_r01.fastq,docs-riley/cascade-threshold-sweep/20260731T040555Z/cascade-logs/cascade_1k_thr10_r01.tsv,docs-riley/cascade-threshold-sweep/20260731T040555Z/consoles/cascade_1k_thr10_r01.txt,0
20260731T040555Z,1k,10,2,cascade_1k_thr10_r02,18.492,12.205,18.214,3.136,19.517,832,168,16.8,docs-riley/cascade-threshold-sweep/20260731T040555Z/fastq/output_cascade_1k_thr10_r02.fastq,docs-riley/cascade-threshold-sweep/20260731T040555Z/cascade-logs/cascade_1k_thr10_r02.tsv,docs-riley/cascade-threshold-sweep/20260731T040555Z/consoles/cascade_1k_thr10_r02.txt,0
20260731T040555Z,1k,10,3,cascade_1k_thr10_r03,18.423,12.152,18.14,3.13,19.461,832,168,16.8,docs-riley/cascade-threshold-sweep/20260731T040555Z/fastq/output_cascade_1k_thr10_r03.fastq,docs-riley/cascade-threshold-sweep/20260731T040555Z/cascade-logs/cascade_1k_thr10_r03.tsv,docs-riley/cascade-threshold-sweep/20260731T040555Z/consoles/cascade_1k_thr10_r03.txt,0
20260731T040555Z,1k,11,1,cascade_1k_thr11_r01,19.143,12.831,18.866,3.101,20.179,811,189,18.9,docs-riley/cascade-threshold-sweep/20260731T040555Z/fastq/output_cascade_1k_thr11_r01.fastq,docs-riley/cascade-threshold-sweep/20260731T040555Z/cascade-logs/cascade_1k_thr11_r01.tsv,docs-riley/cascade-threshold-sweep/20260731T040555Z/consoles/cascade_1k_thr11_r01.txt,0
20260731T040555Z,1k,11,2,cascade_1k_thr11_r02,19.116,12.93,18.831,3.121,20.146,811,189,18.9,docs-riley/cascade-threshold-sweep/20260731T040555Z/fastq/output_cascade_1k_thr11_r02.fastq,docs-riley/cascade-threshold-sweep/20260731T040555Z/cascade-logs/cascade_1k_thr11_r02.tsv,docs-riley/cascade-threshold-sweep/20260731T040555Z/consoles/cascade_1k_thr11_r02.txt,0
20260731T040555Z,1k,11,3,cascade_1k_thr11_r03,19.151,12.857,18.858,3.123,20.178,811,189,18.9,docs-riley/cascade-threshold-sweep/20260731T040555Z/fastq/output_cascade_1k_thr11_r03.fastq,docs-riley/cascade-threshold-sweep/20260731T040555Z/cascade-logs/cascade_1k_thr11_r03.tsv,docs-riley/cascade-threshold-sweep/20260731T040555Z/consoles/cascade_1k_thr11_r03.txt,0
20260731T040555Z,1k,12,1,cascade_1k_thr12_r01,19.921,13.661,19.636,3.105,20.951,797,203,20.3,docs-riley/cascade-threshold-sweep/20260731T040555Z/fastq/output_cascade_1k_thr12_r01.fastq,docs-riley/cascade-threshold-sweep/20260731T040555Z/cascade-logs/cascade_1k_thr12_r01.tsv,docs-riley/cascade-threshold-sweep/20260731T040555Z/consoles/cascade_1k_thr12_r01.txt,0
20260731T040555Z,1k,12,2,cascade_1k_thr12_r02,19.963,13.678,19.679,3.096,21.001,797,203,20.3,docs-riley/cascade-threshold-sweep/20260731T040555Z/fastq/output_cascade_1k_thr12_r02.fastq,docs-riley/cascade-threshold-sweep/20260731T040555Z/cascade-logs/cascade_1k_thr12_r02.tsv,docs-riley/cascade-threshold-sweep/20260731T040555Z/consoles/cascade_1k_thr12_r02.txt,0
20260731T040555Z,1k,12,3,cascade_1k_thr12_r03,19.936,13.705,19.651,3.12,20.968,797,203,20.3,docs-riley/cascade-threshold-sweep/20260731T040555Z/fastq/output_cascade_1k_thr12_r03.fastq,docs-riley/cascade-threshold-sweep/20260731T040555Z/cascade-logs/cascade_1k_thr12_r03.tsv,docs-riley/cascade-threshold-sweep/20260731T040555Z/consoles/cascade_1k_thr12_r03.txt,0
20260731T040555Z,1k,13,1,cascade_1k_thr13_r01,20.529,14.157,20.251,3.123,21.560,783,217,21.7,docs-riley/cascade-threshold-sweep/20260731T040555Z/fastq/output_cascade_1k_thr13_r01.fastq,docs-riley/cascade-threshold-sweep/20260731T040555Z/cascade-logs/cascade_1k_thr13_r01.tsv,docs-riley/cascade-threshold-sweep/20260731T040555Z/consoles/cascade_1k_thr13_r01.txt,0
20260731T040555Z,1k,13,2,cascade_1k_thr13_r02,20.543,14.14,20.256,3.126,21.569,783,217,21.7,docs-riley/cascade-threshold-sweep/20260731T040555Z/fastq/output_cascade_1k_thr13_r02.fastq,docs-riley/cascade-threshold-sweep/20260731T040555Z/cascade-logs/cascade_1k_thr13_r02.tsv,docs-riley/cascade-threshold-sweep/20260731T040555Z/consoles/cascade_1k_thr13_r02.txt,0
20260731T040555Z,1k,13,3,cascade_1k_thr13_r03,20.572,14.198,20.292,3.12,21.596,783,217,21.7,docs-riley/cascade-threshold-sweep/20260731T040555Z/fastq/output_cascade_1k_thr13_r03.fastq,docs-riley/cascade-threshold-sweep/20260731T040555Z/cascade-logs/cascade_1k_thr13_r03.tsv,docs-riley/cascade-threshold-sweep/20260731T040555Z/consoles/cascade_1k_thr13_r03.txt,0
20260731T040555Z,1k,14,1,cascade_1k_thr14_r01,21.097,14.666,20.814,3.119,22.130,770,230,23.0,docs-riley/cascade-threshold-sweep/20260731T040555Z/fastq/output_cascade_1k_thr14_r01.fastq,docs-riley/cascade-threshold-sweep/20260731T040555Z/cascade-logs/cascade_1k_thr14_r01.tsv,docs-riley/cascade-threshold-sweep/20260731T040555Z/consoles/cascade_1k_thr14_r01.txt,0
20260731T040555Z,1k,14,2,cascade_1k_thr14_r02,21.139,14.758,20.843,3.12,22.153,770,230,23.0,docs-riley/cascade-threshold-sweep/20260731T040555Z/fastq/output_cascade_1k_thr14_r02.fastq,docs-riley/cascade-threshold-sweep/20260731T040555Z/cascade-logs/cascade_1k_thr14_r02.tsv,docs-riley/cascade-threshold-sweep/20260731T040555Z/consoles/cascade_1k_thr14_r02.txt,0
20260731T040555Z,1k,14,3,cascade_1k_thr14_r03,21.128,14.757,20.833,3.102,22.165,770,230,23.0,docs-riley/cascade-threshold-sweep/20260731T040555Z/fastq/output_cascade_1k_thr14_r03.fastq,docs-riley/cascade-threshold-sweep/20260731T040555Z/cascade-logs/cascade_1k_thr14_r03.tsv,docs-riley/cascade-threshold-sweep/20260731T040555Z/consoles/cascade_1k_thr14_r03.txt,0
20260731T040555Z,20k,8,1,cascade_20k_thr08_r01,,,,,195.601,,,,docs-riley/cascade-threshold-sweep/20260731T040555Z/fastq/output_cascade_20k_thr08_r01.fastq,docs-riley/cascade-threshold-sweep/20260731T040555Z/cascade-logs/cascade_20k_thr08_r01.tsv,docs-riley/cascade-threshold-sweep/20260731T040555Z/consoles/cascade_20k_thr08_r01.txt,-6
20260731T040555Z,20k,9,1,cascade_20k_thr09_r01,,,,,283.898,,,,docs-riley/cascade-threshold-sweep/20260731T040555Z/fastq/output_cascade_20k_thr09_r01.fastq,docs-riley/cascade-threshold-sweep/20260731T040555Z/cascade-logs/cascade_20k_thr09_r01.tsv,docs-riley/cascade-threshold-sweep/20260731T040555Z/consoles/cascade_20k_thr09_r01.txt,-6
20260731T040555Z,20k,10,1,cascade_20k_thr10_r01,348.915,201.321,345.511,6.098,351.466,16544,3456,17.3,docs-riley/cascade-threshold-sweep/20260731T040555Z/fastq/output_cascade_20k_thr10_r01.fastq,docs-riley/cascade-threshold-sweep/20260731T040555Z/cascade-logs/cascade_20k_thr10_r01.tsv,docs-riley/cascade-threshold-sweep/20260731T040555Z/consoles/cascade_20k_thr10_r01.txt,0
20260731T040555Z,20k,11,1,cascade_20k_thr11_r01,370.11,221.019,366.584,6.146,372.527,16081,3919,19.6,docs-riley/cascade-threshold-sweep/20260731T040555Z/fastq/output_cascade_20k_thr11_r01.fastq,docs-riley/cascade-threshold-sweep/20260731T040555Z/cascade-logs/cascade_20k_thr11_r01.tsv,docs-riley/cascade-threshold-sweep/20260731T040555Z/consoles/cascade_20k_thr11_r01.txt,0
20260731T040555Z,20k,12,1,cascade_20k_thr12_r01,381.233,231.083,377.804,6.085,383.655,15800,4200,21.0,docs-riley/cascade-threshold-sweep/20260731T040555Z/fastq/output_cascade_20k_thr12_r01.fastq,docs-riley/cascade-threshold-sweep/20260731T040555Z/cascade-logs/cascade_20k_thr12_r01.tsv,docs-riley/cascade-threshold-sweep/20260731T040555Z/consoles/cascade_20k_thr12_r01.txt,0
20260731T040555Z,20k,13,1,cascade_20k_thr13_r01,392.636,241.976,389.254,6.144,395.097,15551,4449,22.2,docs-riley/cascade-threshold-sweep/20260731T040555Z/fastq/output_cascade_20k_thr13_r01.fastq,docs-riley/cascade-threshold-sweep/20260731T040555Z/cascade-logs/cascade_20k_thr13_r01.tsv,docs-riley/cascade-threshold-sweep/20260731T040555Z/consoles/cascade_20k_thr13_r01.txt,0
20260731T040555Z,20k,14,1,cascade_20k_thr14_r01,,,,,365.218,,,,docs-riley/cascade-threshold-sweep/20260731T040555Z/fastq/output_cascade_20k_thr14_r01.fastq,docs-riley/cascade-threshold-sweep/20260731T040555Z/cascade-logs/cascade_20k_thr14_r01.tsv,docs-riley/cascade-threshold-sweep/20260731T040555Z/consoles/cascade_20k_thr14_r01.txt,-6
