read_id	mean_q	model
7d8e83c8-afd3-4849-a40c-f56b598f4c43	5.996	hac
b429e105-2b34-476b-924d-3e1c7a1f460e	9.798	hac
83c133a7-b534-4150-bbda-770b2fce2da5	8.946	hac
cb98b235-a5fa-4364-a4a0-54bdcff6eac1	7.764	hac
f924bfb2-1eef-4648-a244-f861934780a8	18.943	fast
bbf7756c-fb74-4ff9-8f3c-26e7f512912b	13.896	fast
0b635754-a969-4cc2-9b81-7928c0d339f5	21.414	fast
b772589c-3273-4d33-81a7-122684d43de3	26.132	fast
a0e9fb49-4313-4618-a8fb-72da6f87331d	25.266	fast
e36fd208-212e-4166-b7c1-a047ebfccc67	16.542	fast
b60f6d95-66ac-4047-aac1-117cf926642e	11.236	fast
11a586ff-0e37-4a82-9f25-d7d1f7479961	24.194	fast
55cc8d9c-9dfe-4ca9-8814-a3795d3dadfc	9.365	hac
7b27759d-7a99-4d82-bb22-34d152927121	22.773	fast
3a9f35a4-e260-462f-8e48-a1ce22bc72f7	21.282	fast
871ff7a5-7906-4a37-897c-df1f8dd258e4	8.221	hac
a0b21169-a313-4c98-bd6a-fc99a2876a63	11.286	fast
6d8afe54-b2c7-4972-9a4d-aeb5d7f7b85f	23.463	fast
7fc2a9e8-671a-41d9-89d9-2ed65b4aeb2d	22.616	fast
50d42f14-b348-46e8-a141-1c778492e99c	25.478	fast
f6b9d1ff-435e-4a3c-8bbd-3ba0f36db450	23.993	fast
45b94bbd-3f05-40bc-98b2-e22bee204c10	20.141	fast
25bd9e21-ed90-46f6-bf98-fffe8d59e125	26.067	fast
bc74e9bb-9c0a-4bd7-b61b-9c4951bf2be0	20.224	fast
92a132ec-8914-4e36-a9f0-f2dcef9b0832	21.197	fast
d8cf1c1f-56d9-4732-a00d-24e9b89d9aad	24.341	fast
60a9b06c-6375-458a-b20e-f62b0e1534d5	23.336	fast
ada981f6-08bb-41f9-afec-075ee7144817	9.233	hac
90f857b8-540c-41fb-ab4e-7966b3b1f625	21.438	fast
083bb556-e817-42c2-bfbd-4cd7fd704d58	8.580	hac
5cf6f0a8-dc77-4f6a-8b1c-deebe7120227	22.501	fast
4c3af659-69d3-4443-9fd5-6f06f6c8e219	9.266	hac
f9ff6359-0b1b-46a3-87db-5290a0b20cfe	22.712	fast
e8cddd26-0b33-4d79-8331-28f1dcf62914	24.158	fast
cc6cf54c-d523-4eab-831f-05d48b56c152	8.322	hac
425b9c22-4c24-42ab-9de4-81c2da30d648	11.155	fast
e9ddac93-f33e-49d3-97b3-f31df82f071c	10.839	fast
b571c57f-1fd0-416b-b7e0-e042fe5e6bd4	16.164	fast
062aeba3-36ca-44ff-88c3-a9d259dec454	16.572	fast
81f84156-667d-48c9-bdd7-d648189dcbca	24.332	fast
aac5351f-4472-48df-a6ed-771d1386f53d	10.766	fast
9f9b9c6b-4431-480c-bd93-93b23222c270	14.823	fast
3f10e7dd-9d7e-4897-87bf-f8b0f3aec2d1	8.193	hac
c34f49cf-13c2-4e72-90e3-2bb6b47c6901	23.540	fast
612101fc-49d2-4f97-80ab-589cc3d1ca74	21.005	fast
94d590bb-7175-428a-8e29-581102ebd259	9.767	hac
fc62ae49-5522-4f73-88ff-f81c8769e2cf	22.168	fast
6482b1d7-64d2-460c-ba92-e0f2fb649e1c	16.721	fast
3aaf0e41-aabb-4230-971f-c397e49729d1	9.265	hac
592d5613-d455-4420-ae75-5d8ec96b6c6b	18.179	fast
b629fc92-8de0-42f4-8aeb-4cffb8dec6ba	24.008	fast
30168029-dfff-4ff8-92ad-dbca33eba758	26.859	fast
2fd818ca-a520-4bd1-a218-55e0b9144526	8.956	hac
bed17fa9-96d6-44dd-a5cc-359ad59d752e	24.911	fast
e69628d7-2dea-40e7-b99e-e881ed3b5e65	23.130	fast
cbbb6faf-a769-44ef-8770-a8ee354255d7	9.169	hac
d33a1467-3bf4-4d3e-a4d0-c961567e475b	8.606	hac
2a4558d3-5347-478f-9d6b-5e1d07f6f7c4	24.025	fast
0785cc7c-fe68-4192-b4b8-cfa28b0711e4	9.142	hac
d52a0bc5-1db1-4df5-8756-dd5b65c997e7	25.008	fast
8412cc2a-52bf-4ec9-817a-115cd274029a	26.286	fast
c6df16b0-42b9-43ec-97e0-b6dd02df4997	4.887	hac
2b34704d-6848-4475-b1b0-17ed3facc095	17.436	fast
65656a9b-1d31-4a8b-b5d3-c53e04f37bc2	23.623	fast
055e6479-00af-4a3e-8c7a-c47238af917f	6.848	hac
3f2d12d5-f9ce-495b-9096-5d6ca508da2e	23.060	fast
508433df-d903-44a1-8807-f64c39f55730	18.068	fast
c4d6d7d2-2231-4ff5-bae2-dd0b11cdbf33	24.098	fast
98317274-0b03-40a9-9377-9513c12de900	22.721	fast
2bcbe2e2-a1d6-40f0-b3bf-709915704e6c	21.610	fast
bf723ba5-c074-4d31-828d-aa010e00dac9	26.416	fast
1fd9962c-1ca9-4453-a5f2-67f9a96ba7c3	26.082	fast
978479fa-7107-4e10-8b2c-80356a9010cd	24.450	fast
fd0cf977-dea2-4406-8587-2e02792e59d5	18.951	fast
4aff34c3-41e4-4139-9ac8-7c822b6061af	21.327	fast
7dd07219-c649-491e-a91c-5e92128b0c01	24.151	fast
c5a9888a-55a0-4009-ae11-d9922e13e77f	22.557	fast
c9eadd63-e335-4a2d-99f7-b0aea6262284	20.949	fast
c523a7d0-2d68-4667-986d-065006e7ced9	24.555	fast
37080773-85cb-4ede-b09e-c498e950b87c	21.888	fast
09c1fe6a-e41d-43c8-bf26-ed33d36fc18e	24.343	fast
e7ae0534-10fe-4c19-ac00-e7a2f42a79e3	24.519	fast
17eb694b-dc81-496e-87d7-00c9cd25d150	18.027	fast
7890ab6b-fbc3-4d4c-9ccd-e1f0404d5c52	24.477	fast
af3c90c1-17c1-4530-8289-7cfa55a59267	9.313	hac
e6d10cdb-456c-4c52-b4b7-f28f8d36ae5f	24.278	fast
e99cefe3-fcd3-432c-941b-aa2121219d76	22.643	fast
aeac95b0-9fb3-4731-8d05-6db8c2481c08	6.249	hac
a254ed31-a49b-42de-9eec-e2537793e307	23.704	fast
64945093-976c-488e-b68e-9e23b9269df0	24.178	fast
e2672af1-455b-444f-8e1e-0b47ce74cb90	12.307	fast
9b6f02bd-248c-4b54-8f7c-ddb5a739c579	23.811	fast
a560c9f1-8ee2-49ce-b776-5781a23ea106	19.293	fast
b49e2942-8985-481b-9144-0c66de59fe48	25.636	fast
743cfe70-c471-4ace-adac-4d6b8700d6ca	24.221	fast
a81c9602-f7f8-4f24-8fa4-55cf04dec163	15.838	fast
704e74b3-cf0d-4b50-b0a6-5b86c0cfb5fd	8.807	hac
210c1b5c-89fd-4196-8c26-6c54c92d87c9	7.673	hac
c71f8b36-d420-4d85-b5fe-9f2b8c9b4919	23.855	fast
1045cdbc-3652-4f19-b81a-abfe75d95b0c	24.294	fast
10e4ed3a-4e0b-4014-b227-6c9fa8632f6d	24.286	fast
e38416e6-7af9-4db3-9299-b2622cf74bf4	22.634	fast
bd3b5bc3-f65c-4956-87c1-29debd948d23	23.125	fast
5fbac5d6-80f2-4b2b-852f-3e8fae0ad391	20.841	fast
89c6b1f7-49dc-4918-8cf5-fc007b43fc9b	21.074	fast
15948002-537a-4bfd-aa31-9f28009e596d	7.528	hac
da59fbc9-d71e-4a35-ab7e-bba5cc556e4d	17.709	fast
786d8a8a-631b-485b-afce-64b079be2155	19.054	fast
76be4401-16ff-4d9b-a0b4-8619d6085a39	19.337	fast
0b88c284-d634-4deb-ad8b-ffadf223b199	9.484	hac
945814d5-4be1-4f39-8732-c6130b729cee	5.913	hac
f744b060-f082-4a95-8dc1-7914126275f2	9.092	hac
6d28b660-ec19-418d-a4d6-fc47afe46788	15.716	fast
a433544a-dd57-4693-be22-c989f53e9de8	20.919	fast
33ec6d69-3faa-460f-bc02-bbbb43ef6b4a	13.444	fast
586edb15-cf76-4841-8c8a-cef1fef6acf3	26.428	fast
92354530-f700-4a95-9c28-f03f35cf24fa	21.330	fast
4ff0bb6a-5eca-43d5-bbc6-1b72589807cb	21.204	fast
6a46f031-106c-448e-885b-99475e996442	27.015	fast
e7b3385b-eabf-40df-98a1-9a735594be22	17.379	fast
02ec7772-3528-4a22-8fe1-b47b41a0e94b	19.537	fast
8059b8ba-eeca-4fbf-b1bc-83ac6717ceb0	22.412	fast
c40af6d5-896b-418b-b68c-1cef9e18a1dc	24.641	fast
67f22bc6-fdfb-4583-89cb-b5526e0a4dfa	21.120	fast
3e13e058-1859-4d22-b0eb-24ef124fda04	24.879	fast
6877234c-d1e4-43db-b7a8-4c48c3a0d9cd	17.458	fast
e62a0c5b-8a88-4f3d-8215-8264f17d9f89	26.192	fast
6ad083e9-9881-49a6-a8c5-1b69d30178b7	8.548	hac
687098ce-9c02-4dca-a78b-489adef661de	10.093	fast
bad8750c-6103-4084-aa9f-0cf17609c58e	22.381	fast
1560eff1-099f-47f2-bc16-ddcbee58574e	24.061	fast
178278da-e26d-4b42-886a-69250f9c1343	9.548	hac
390b4667-40a9-4e16-802f-3ef656cc5609	6.000	hac
e46ffc8a-4ec0-4848-8ab6-a17e88dcc0a5	18.848	fast
73aee072-1521-4834-bd03-90cafbab0399	8.395	hac
80a64b1c-c985-4cd6-a851-b8390a212d4f	20.184	fast
bf1cb58c-2f1a-45f4-b644-9aa10de441f7	26.033	fast
20709044-ad86-4073-9297-912dc62630d3	10.948	fast
36788714-999d-4e08-9691-add8f256f07e	7.181	hac
05655f8b-ca26-4b33-be7e-17c2a6bacf44	22.643	fast
fd316137-851b-459f-a67e-daefca2c4399	20.422	fast
bf8ba889-3fad-490f-bf78-236f0054c31e	19.511	fast
b8b26a9c-e2af-48b9-96d1-660b05420c54	7.398	hac
20ecafe7-ea58-4bab-9b9c-b5127737b254	8.565	hac
549e548c-f206-4a89-8b2d-b3a8726ac0f2	21.333	fast
99ff8298-4661-4a8b-afe7-1dce45e17c9c	7.095	hac
8ce26f9a-a7de-49c2-b09d-273364db9bcd	17.600	fast
1a4aed92-99d9-4b4a-9481-dc7f23c42b84	22.411	fast
8c3bf116-2763-48e4-8504-4027cacb876b	19.010	fast
e5755ff4-d0e6-476e-92c8-77b6cb4a6703	26.647	fast
09915aa3-bd66-49c8-a180-7d55d4f73ead	24.221	fast
95c91ac7-c261-4fe3-affe-d3150561f067	7.362	hac
1f5a494a-ec7b-40c8-b610-5f6139872582	24.622	fast
fd2488c0-261e-4913-ac28-67aa08d742ee	15.985	fast
c4596161-cd27-4699-9e8f-74889a416ddf	22.161	fast
2c4c0847-4fde-43e3-b8dd-9c1f1466e661	20.821	fast
09e6bd65-a762-4e36-ae50-6541798eec72	20.717	fast
a15c0cfd-d1d9-4bbb-be99-1dc3399ab35a	9.189	hac
a07fd2ac-44d2-461e-adae-37b5b8c6904d	24.021	fast
991535bd-4229-49ec-8b75-11a302664b9f	7.686	hac
f78c47f2-ae1a-4d03-aba9-a11d5811b1d7	23.035	fast
67230622-b742-4ff0-ac45-8ad54c714451	26.310	fast
b60960af-5cb9-4b4a-a314-2be7cf301338	20.860	fast
a52a3564-babf-4c7b-974c-e8d5265b4c32	26.461	fast
cebc6d17-de40-4cb0-9cfa-3b7e12ca741c	25.100	fast
fc2fcb6f-42ea-4094-a78e-7c93627d26fc	22.973	fast
c0a7ef1c-ed96-468a-bfad-4de00664e507	21.494	fast
a4cb7fec-8118-4928-a242-505194219d7b	13.574	fast
41461e7d-2aa7-4e2c-a0a0-feb943e481b3	9.179	hac
2367e3c3-5c9f-476c-be79-7e452d678241	8.726	hac
c18c83d3-8e3f-492d-b09b-9b9966c2df9b	13.500	fast
73535e20-8793-4da7-be70-588d78a9f172	10.631	fast
d653f9f8-abe3-4d88-bf80-2645df965b5c	22.124	fast
875d012d-4d61-4f93-b709-1ce5c5a98d8f	17.723	fast
19d08928-7a39-477c-98c3-136d8c1b80f9	24.831	fast
fe621c0f-bee5-43ae-80c5-2ca87ea88b70	25.955	fast
abacb129-9f60-4054-8a61-bba1895a66c6	23.334	fast
ebbd3d1d-97c7-49a9-8b2a-baca8d474beb	23.313	fast
4837915a-3d18-4977-a1e6-3ec86c06ea7f	23.495	fast
757b3370-92f1-4897-8bf1-8a56f5db44e1	25.606	fast
62732a8b-850c-4a2b-a932-ae486e59b065	24.095	fast
46d48f7a-c201-408a-a7ae-40b00d80cf26	19.062	fast
fb7112bb-a43b-4849-a630-f64d6d72a627	23.298	fast
dc99ee70-9c9e-4efc-b4e6-fed9c662b637	26.534	fast
4a36d2b2-3975-4091-b12d-7d85c861c2fe	23.498	fast
1e173ea2-87a5-4a57-a40f-2ac45c6f953d	22.196	fast
dde09d51-1617-40c9-bcaf-3c44585a06f7	21.443	fast
674d4843-2b55-4884-ab9e-737e13618f2d	10.393	fast
3b4c6098-9c81-4b34-a7b2-375d993550da	21.855	fast
0559bd21-8be4-4478-b604-fc19b3da9c64	26.752	fast
aab02905-d9dd-4114-a536-44f36e479ec7	23.080	fast
685771b7-9f1f-494b-9720-0d421ca0aed7	20.437	fast
88a7dd20-b5c0-4da2-8392-f12e8318dd9c	8.995	hac
7b0543a5-b5ce-48bd-b276-aca9a31c0892	26.690	fast
bf009093-c404-4da0-9fe3-b7b80ab357fa	23.926	fast
9d3d8496-7ea9-483b-a9bd-982935455967	9.706	hac
7c50c397-accf-4009-afb3-810326e8d0d8	27.135	fast
25e3b1e8-7f32-466a-8bca-827d0a471ded	24.799	fast
c5f0e978-42dc-43e2-88f6-eaff25ec3124	26.923	fast
bd2f192c-8df9-4bc5-9f1d-5d735e40bda2	25.526	fast
bda5a1d7-adec-49f4-9741-c8503e3475d5	22.760	fast
08db7c94-3617-4843-8c31-15d8e08e8fa8	8.928	hac
43a08800-1b19-40cd-9018-a0e0756d823d	8.115	hac
529a5e3c-9131-4ce4-9fc5-a463172e69be	17.932	fast
27cc3613-6ba9-44f6-8767-728c8a45938f	25.536	fast
9fa98bd9-1480-49b3-a10d-d0a6c160ef25	24.417	fast
14c1d2a1-9bdb-450b-96a1-f3222c89e856	27.935	fast
d8585bbb-19cd-4b58-b9b7-c165757ac637	21.375	fast
6a40c59d-a9ca-4517-9461-8a366a25a947	22.567	fast
2c648337-687e-4b65-bf0c-f9e79d7eaea0	24.046	fast
17aed707-7e1c-4e53-959c-191065343ca8	26.920	fast
4b1f8fd1-732c-46bb-a04b-cf705530d874	19.474	fast
92ee8429-e151-49a0-b9e7-87675bfa78ca	22.316	fast
18f64951-8b35-47b9-84cd-d5dc92b839d9	8.830	hac
ed4e8f0d-3b89-46c6-88c3-b947832a2e69	17.333	fast
dc86a45f-fd67-4cdb-881a-7a68a5f65a07	6.863	hac
333446a4-d5b2-4ede-9227-1f3db676744b	19.070	fast
2f37e1fb-7e1a-4b87-89d4-7bf9e1fd7b94	24.344	fast
e8746b45-692f-4638-85f9-af785955ae5b	10.341	fast
267f069d-4925-44d8-a592-ae707426cab1	25.592	fast
bdd6f626-2a54-4426-befb-85991e974bc9	25.373	fast
941b6e91-a873-4c4f-8dfb-934253c771b2	21.036	fast
40ccbd48-37de-4cd4-83a8-a93add613c5a	22.451	fast
bcc51d48-e3d0-4205-ba0b-ad14ff88cf60	20.064	fast
42cbfdcd-520a-4955-8817-fb8e761ce6f4	7.901	hac
06bf56e4-6ab1-46c7-859b-80fb221c1790	11.634	fast
78334b7c-babe-49d2-bc22-c3255a6599f5	9.497	hac
3943932e-351d-4d78-8491-ca9b7553f594	9.320	hac
66aa4592-1183-4a40-844f-dc2b24d4b034	8.899	hac
3874711f-3679-48c0-a0eb-6f5575858aed	20.592	fast
b02eb711-d110-4c34-9bb3-e52169972c8f	26.918	fast
b98d10af-40f8-46db-b72b-d1c706e81b15	8.351	hac
64bae50a-6f1f-4f0f-9a8a-fcefb125bc5f	15.540	fast
bea82b40-4de4-4655-b945-4d373c6237ac	23.889	fast
0584ee32-98f8-47a1-a30b-eb98ed23f1ed	26.739	fast
772011a9-7bd3-4315-8aef-6b91b7da234f	16.946	fast
7e6de7e1-3e2e-4c99-bb01-51a4555da592	25.703	fast
f3683184-e6be-4795-a5fe-b9bf7c7ac790	18.302	fast
b2860747-ccb2-433d-bd24-e73d8dd0ba23	25.956	fast
f3379624-5d6c-4202-8ddc-d9ccb60ec681	23.202	fast
bbb85168-5512-45e3-ba79-58c598b75000	25.614	fast
d3118ac7-4ed6-4799-a18e-0f8e35f6cb2e	16.910	fast
c002f7b5-4947-45d9-a1d2-2897f0d8c1db	5.246	hac
9ee7be26-1b97-4c53-9704-40824bdd3243	28.143	fast
0a21cf8c-aba9-47f3-b837-0e2f0525c865	21.225	fast
9aa4d238-3422-43cb-b1ed-b39690d66495	27.453	fast
e86001d3-73d3-46da-aa99-de787ad52ab4	23.999	fast
0032c29d-288d-47d3-b6f2-0157e50000aa	25.608	fast
82e80452-70e2-4cbe-86c4-7095f674aef1	17.475	fast
fa81bb8c-2ce0-4044-9e57-9c291b2f57b7	25.286	fast
8e287955-3eda-463c-aeaa-a97958b00338	26.451	fast
37467193-521b-4390-8c5d-b7ac1b24b6fc	9.510	hac
2488eb6c-54b5-4682-8301-c29d73cb61c1	17.761	fast
abf5661f-134b-4079-97d1-8d49db1860fe	21.658	fast
73c0eae7-a3f0-4162-98c6-7811482ba351	25.427	fast
366afee0-262d-4d91-8c5e-d8ddcaad3791	24.240	fast
4e54f5ce-c8a4-4330-832d-aef211b979f2	24.327	fast
ede78182-4f62-432f-8e83-d8662dd876d0	25.142	fast
1acd1901-cefb-4a85-9181-5fe09db2fd2f	25.713	fast
23040eef-6875-41c0-b1b6-a9af7657b07f	25.431	fast
30e31f3f-4e57-4c61-8eef-e2cf31b2e77d	23.378	fast
814bd21b-5fdc-4c4c-b6a3-981613e94dd6	22.594	fast
d8718ffc-bdb6-489b-8a3a-4c7d4691b021	22.878	fast
5865343b-43ed-4284-8a5d-022e1344a76b	22.305	fast
dbbeb06a-8ba8-4fad-b185-10ad0f1d0f1e	18.300	fast
fd34df3a-3e52-4c9a-bc27-007496ac6b2e	18.651	fast
04d98109-fc66-492e-9ecc-dba6aee42971	24.788	fast
29101035-d354-4974-8143-e8321a5fe07a	22.195	fast
60805770-4928-4965-8703-564de641662d	8.906	hac
3d1f1656-f658-483e-8424-da1e04628358	28.668	fast
5029e011-3f1e-476f-a72f-59a10d9283a7	13.270	fast
81510eb1-46d2-4326-b31e-173f9fee781e	9.717	hac
bbe6b9ca-b7b1-4c16-a4c6-a2a8db642ddc	17.455	fast
2dc427e5-1766-4f0c-953d-df28069f8c2d	19.045	fast
9fe28da8-5da8-4a3b-92fd-e2119bccfb11	9.622	hac
6a5a48c3-1d54-4498-8e06-6a665782fb5f	24.140	fast
0102bb4e-bd6d-4e22-b548-9c225ec660d3	23.842	fast
08e325b8-2653-40a9-a93c-46d2c79476c5	10.638	fast
90add709-d6a5-4c04-8564-7759db86af13	23.752	fast
4769276a-6580-4203-863e-172cfeeadc0e	6.382	hac
32b12101-8acc-4cfd-a3ad-fa3eae1a4fd2	23.675	fast
0467283f-97fa-4e73-92f8-0b2c45653474	23.822	fast
cd1c63da-412e-4831-8de5-8a7df6eb7631	15.623	fast
a0d77db7-deae-4048-a4c4-00e8d753404b	23.817	fast
6a55510e-3c84-4bbe-bc84-ebce281428b5	24.635	fast
779275e7-3d26-4b18-ae3d-61300373598d	23.243	fast
7ba8a741-f388-40d1-898d-0e25316a8174	26.630	fast
a758afb4-ab95-49a2-ab3b-cae7641cd761	20.799	fast
82851974-2658-4978-8e91-7a9b254cfc42	21.331	fast
9add99ac-2730-464c-af61-fbda2c51ac6b	22.243	fast
a36814f1-7331-4241-b9a2-a9014e20a85d	24.940	fast
78810bd3-fca7-484a-a7b6-6ad4b1710aba	24.982	fast
9ec14f3f-852e-4fd5-bf37-d7a7b05dcc78	19.870	fast
f9f7f5b1-fcfa-445b-b879-1c1bd18428eb	12.807	fast
a921b377-91be-4b30-ab10-005b7b295990	13.826	fast
cc6a1b41-afa2-4a71-8f22-020abae4e2a0	7.889	hac
d34a6d8f-d68a-4bfe-9335-99d2dc1ee86b	25.420	fast
d9598407-d7bb-45b1-b524-48bc516f6585	24.773	fast
3e676474-d5b6-4c9b-b98d-d2df6572b575	24.008	fast
cf7718c0-9eb5-4d84-bdf7-2372df11bbda	24.501	fast
defdb9d7-d6c5-4b40-8007-9ec6299628d2	9.203	hac
9a03f28f-e307-45af-bf17-6f377cefbff9	25.317	fast
f862043e-e0b1-4c20-9cd2-1336581d861f	7.689	hac
797bf2c0-f522-40cb-9db0-0408aa40a45a	25.717	fast
fc8f7a0c-a393-4025-b295-6fed165e06a8	9.179	hac
e3a95bad-6b39-461c-9c2c-afd3475e41f2	21.500	fast
d9291f0d-578d-48d3-a727-84528a91d74d	8.190	hac
9b644d1d-0043-4a74-a87d-7f1fbaa5b232	24.030	fast
edeb9eca-a8e5-4f49-b6df-42773a0b1be4	21.182	fast
3b9e0b2e-6646-49fa-8e76-e21c01c0a23b	23.178	fast
7ea487ca-7315-426b-99bb-b23a46ea08a8	25.590	fast
9e708db1-0376-45fa-ba09-460335f493d8	24.124	fast
51d1ff4b-f236-43a3-be46-b35e8d8260a8	25.094	fast
b0f8971c-c2b7-43d8-b00f-4af5e3827458	22.023	fast
49ace082-9f72-4921-92b5-d4cb8ddee4ab	27.686	fast
7668a5b5-e2fc-4868-9d5e-9ca2e9ed6dac	19.078	fast
c7afed3f-a7e3-42e2-92a1-7da955f4c6a7	10.061	fast
e502386e-698b-4525-85c1-2304f0e3ef02	24.033	fast
3d194b6d-f2c9-4f50-b4d1-9c3150818775	21.716	fast
b05bb205-92d0-4fc4-8636-6900062c11d8	24.159	fast
91cb9377-0be5-42c7-ab97-0ab0e4a2f9b5	7.952	hac
c1d58a3d-fcb2-4eac-8c79-19e49c058371	20.466	fast
8055e68d-c063-4eb3-b96d-70bd467ef3cb	25.978	fast
50520824-fd05-4450-82fa-ad5e4d41522f	26.397	fast
495d196b-4fdf-475b-ba24-8d853721fd2f	19.856	fast
faebff95-2478-4dd4-bca7-369663952e21	23.990	fast
2566b9c4-1168-47af-93fa-db1feb7d9073	24.135	fast
ca6469c1-dcf3-4bee-966e-b9914def2a35	22.044	fast
5d041dc5-8a41-41dd-a4b0-c330763384e4	19.283	fast
2742af16-9dac-41e8-9d95-803146cfc461	25.010	fast
0e8c083a-8aa9-41a3-8e3b-72e724b4ec82	27.870	fast
f8663610-9e03-44dc-8bdc-6a9485b55877	22.446	fast
4549723a-a1f7-4c8c-bbcf-bf04dc32cb7f	23.928	fast
fcdc33cb-cce6-4172-8976-2855e6cf3560	8.432	hac
35e82b9b-144d-425b-95c4-537dfe16e97e	24.382	fast
63623dc4-b59e-4f98-b600-c920b83108bf	25.813	fast
05c67112-9561-4548-aaff-1d81e629517a	9.243	hac
f08d4e26-a7bf-4fe8-aaf7-9de7d6a52474	19.375	fast
0c4c097e-e518-48aa-9473-c11249c896c7	26.964	fast
71fae8bb-ea6a-41f3-bbc7-045fb45d2f93	21.547	fast
b53c14a7-ed4e-452e-ad55-7e869750daec	20.242	fast
895ba124-1709-4a3c-9d1e-d74ec358f9d3	19.605	fast
a7e8eae2-5e3c-4657-acfc-e2c7bf721d61	19.813	fast
5269ffa3-42e1-467c-88e9-c2fe43212bce	24.493	fast
2033b366-b927-4f2a-b49f-6d994bd60379	24.301	fast
acb6cd9d-15fa-4e82-bf40-1c046d5c7e45	25.856	fast
09430c61-0b40-4421-8f52-8ef8a4d0a6c5	12.108	fast
f64f4e3c-b39b-4757-9416-b0455622cbbc	8.710	hac
52d80fdf-adf8-4dd3-8810-5f902d4537bb	18.961	fast
c2d25c33-c864-4097-915c-cb780592b715	23.820	fast
86a2a6a0-5080-4ad8-8823-99aced5e5cab	25.776	fast
9d7e77c6-c0c9-4c9b-9198-b745c3a909bb	22.337	fast
00afd4f7-b8fc-442b-ada1-1b182aaa6af4	21.224	fast
629885c9-a33b-47b8-be46-a2e5d93de38c	25.478	fast
50e9d7e4-baf6-46dd-8567-0540efdab862	25.471	fast
754b4d72-e903-4e6d-a143-741cbb2901dd	22.745	fast
642847df-8b23-419a-bdb9-364c57878776	24.931	fast
00c62a3d-b19d-4c3f-a0ec-a047ec7e79f3	25.957	fast
4810da7b-d1df-4caf-9d03-d288d305f0d4	19.396	fast
61c77892-32f6-4dd2-86df-dc3944ad5516	5.778	hac
b7c1b594-e3fb-4bf8-8a64-f23ead5a907a	24.384	fast
104156ed-9e20-44bb-bea2-3ac6a334c9c9	21.289	fast
42485966-cb7c-49db-bd49-48a1e7df4193	26.996	fast
3ade1c84-516f-4032-a070-618b9b1f4d37	22.899	fast
3ec904ab-3e0e-49a8-90a1-2af19a12404c	22.164	fast
44ee513f-0ba7-4580-aa82-29b64e29e9b6	9.298	hac
4b0182d3-2381-492d-af25-a18400805133	16.055	fast
c284f45f-ee5e-4d4e-b3b0-c5676f43fb73	20.656	fast
a2ed898f-9b9d-4748-bfbc-cc27560a3328	11.034	fast
a358fc77-4152-40bb-891b-403846256814	21.020	fast
44a29667-735e-4f57-bbd0-cd757fcbae03	20.269	fast
68ac89ac-cac9-418a-94e7-7b38056639aa	9.163	hac
db632903-2037-4018-83da-af44da2a2477	26.874	fast
ac0e86c2-adee-4dd8-bcae-68670470ce30	24.044	fast
963bb3bc-766b-465e-b4d5-272469b81394	21.452	fast
23ead877-5cdd-4dda-9b4e-f03380921c12	21.775	fast
be9ad8de-c8d5-4277-a017-95212a13ef94	8.169	hac
e5912443-9b87-4371-adc5-022ab56d9e13	23.491	fast
7fe8e7df-f41b-4626-b164-5c75c1feedf5	26.669	fast
c1ccdcdc-1e9f-4544-9623-b96b978a6576	22.958	fast
74ccbf6c-816c-4d7e-bf2f-4f69fcdad323	12.797	fast
3af30708-89f7-4109-b490-e3864d523424	22.083	fast
660d9b37-7e4f-4fa1-879e-91ef1ef5c36c	25.290	fast
c600cfc9-1e6e-459b-8fac-049dfd0fbfc1	18.642	fast
ba86958b-eccc-49f5-a534-ad2dd6fa6042	25.822	fast
87970655-d112-4ae3-b3ba-a7303e42cd3f	24.664	fast
92d389aa-f756-479a-85ce-2fe8dbaa48ca	24.415	fast
0d6825c4-9008-4d1a-a474-cdaac92b392f	11.666	fast
b9d3693c-dfb7-488a-aa65-00c0cafe6ba0	26.930	fast
bcc23917-48cd-497f-a0dc-5b151c101327	23.785	fast
0962cd2b-132d-4f23-b9fa-507b0e813822	22.799	fast
91fe320c-4c49-40c9-b075-ecafc3045f19	23.278	fast
31498c36-9fb1-407d-a1e7-2d4cfa8cd621	8.054	hac
50783774-46d4-449d-a9db-e1ca772c8af2	23.408	fast
279519af-3644-4892-a468-69ad6d112db8	28.556	fast
effe29f8-ad15-48a0-9745-13d7510e3a73	24.159	fast
8e4c0762-c68e-4dee-8486-9599ba9f9456	25.956	fast
a30d18fb-20a8-44d7-973d-b4f6a1b7dc6e	7.490	hac
8ee0ecb2-e21d-48da-9b89-2d69660d706c	24.670	fast
e962bbf6-d505-4f25-8102-67e469a3ac28	25.649	fast
24caad86-ed54-4bca-be56-a07924b23a05	23.571	fast
85812998-d636-4183-bee0-52798b138873	28.047	fast
1527be34-f5e6-4438-aa3d-b7bc552555d4	7.569	hac
ee2b3b18-1563-4401-bde8-355158a0c0c7	25.003	fast
441642f5-8ba7-422e-a1f6-e382dea180cf	23.831	fast
025fc517-d556-497e-8b46-0ed936381503	25.336	fast
6f2d881c-5c15-432a-afb5-9df0d915ef49	19.926	fast
bc2fc36e-044a-4317-a831-1c94c733734e	23.320	fast
4b8b0d99-f4d0-4435-a810-33712a389c43	21.254	fast
4487c3db-79ac-49e6-babe-0580985c8646	22.846	fast
4b81bc0f-45da-4b09-b85e-d68174646b1c	11.207	fast
00efb5e9-a25b-4608-95e9-7c72f01b4f5c	25.377	fast
806f442f-ff28-47ba-8c91-7491339dddfc	6.533	hac
91b6a3a6-4617-4dca-a9f0-d19bd2ee86fc	22.655	fast
55785325-64d7-4b77-bcf9-44cabd919e4c	26.514	fast
951d1b53-baf4-4491-a2eb-121a95409785	13.073	fast
6ee57946-f5f2-485b-ada2-f877a33372e4	28.365	fast
4fa0315e-14fd-40d9-b921-fb10f2ed2794	14.052	fast
41f16e9e-f195-4ca9-98ce-6a5bb0520671	26.463	fast
fa508b49-63d7-4869-8377-353a1ee2df93	9.174	hac
3cdf6f79-3b43-4cb3-8694-421fc06218ff	16.522	fast
0d485355-1f35-4718-9afa-363eaaf4253d	20.560	fast
904be557-7cca-4769-a82a-cd6f68fa6ffd	12.454	fast
1ab6481b-9939-4b32-92ea-d55bbce9200a	18.048	fast
a8ad12e4-cc7d-4816-8009-1dccd37a3e8b	26.744	fast
9adf7f1e-b7ed-486c-a092-ccbaa5f2e0bd	27.412	fast
9b2ceb15-237a-47c6-9a75-9792a0b6da9b	21.126	fast
5ed0ea75-76fd-40ce-a878-7628f783965d	23.567	fast
fbdc3a9e-bb7d-4696-aa5f-c6e0074d2f4b	15.248	fast
6d53105f-0efe-4126-9ef3-72e8406713ef	15.723	fast
633e3365-af82-4ed0-8ecc-6226a1c5b94e	26.356	fast
66da7b39-f008-4d7c-acdc-b517872e73a2	25.298	fast
30d279a5-e0c7-46da-9c82-1a7f8bc2dceb	22.715	fast
c32dee9d-603a-4e49-a5cd-6765b334d8ee	23.774	fast
c4689e1a-4e66-4b68-af64-6d41029d8d88	4.653	hac
1699ab75-7b57-4ac1-af7a-bd07c1633c7f	24.198	fast
cd8c9c79-4cbf-4627-8101-50fd2e848403	7.834	hac
2f8e7d5f-22c9-459e-8c21-f4735ada125e	21.433	fast
b44f58a1-4d5f-48b7-8d83-cbbacf72a7ef	22.330	fast
f60052fe-43e5-4c60-8c5d-6abae959e714	25.617	fast
d0b6fbc4-9ec4-4c32-818a-9b00165b0c8f	21.492	fast
29e7147d-7035-4ee7-9736-897c331a44dd	6.919	hac
49590305-a54a-4894-8999-30f8df660cc1	24.578	fast
223c57ab-5519-4457-94e6-0d5eec261978	22.632	fast
eee6620d-1423-4e4c-afa0-a50d4af6bf0c	15.979	fast
edb645d4-f448-48ac-9316-4bb9ef3bb0e4	11.952	fast
c21bc2f1-c864-4e95-bf12-9896d58d92ce	24.608	fast
b8adb17a-6c74-4c49-83df-c7ce69f2cd2a	27.019	fast
53f28362-29e4-4187-92b8-b2807bc45a9a	21.676	fast
aa586ed4-8796-4ac9-b967-d0a77861b3ba	8.695	hac
1ffdb288-291f-4ca5-9f77-72548a741429	9.272	hac
0ad844c9-db9f-4065-85f6-feaa2a8c882c	21.021	fast
082c8e3c-b7c7-4758-ab28-05a7eecd65fa	23.485	fast
d66df42c-9f6a-4885-a7f5-7ece59995ba9	17.383	fast
d4fe70a5-7bdf-444e-a6fd-73a7522c609c	22.716	fast
dffa643b-4e76-4807-8f0f-3fc2cdc4a00d	24.066	fast
b08f62aa-d605-449b-b00f-17b8fb5c031f	24.387	fast
50af4748-c7e6-4303-85d2-41bf8665028e	23.379	fast
6a1bbec6-538d-486f-b424-4af9d81ba8ed	22.334	fast
e648f8f3-cd8e-4b53-a804-9af8df1be8c4	20.647	fast
fab410ae-9359-49ee-8a11-86820f41c5f1	26.061	fast
7e8442ae-4459-4fd8-9479-2bd4cd49b258	20.021	fast
24ebbe36-a378-412f-bf2e-2f153d7c5a5b	24.850	fast
57a0acc6-a73e-4afe-bddb-a5238cdf4a61	20.356	fast
998c3964-f991-49f5-a3f8-4f22d675d5d0	21.571	fast
7fa0c061-700a-482f-b0bc-70170f66bf8a	27.440	fast
986e8433-3215-4c24-ba47-71e7c0b0ec5f	10.561	fast
2908441b-a34c-4319-9b8f-b69ecf83852b	26.927	fast
6551ea1c-ec4a-422c-ab12-11541fb90c37	22.865	fast
eca5cce3-0091-4ecb-9af5-039280577411	19.409	fast
5d92f8ab-d632-4059-93c4-68e94ec66290	26.844	fast
5fa2aa2f-827f-49df-b31b-f8c4991653c3	22.642	fast
cf2c9480-2d3b-465a-b2a3-f5b5e0d4f530	25.825	fast
97a188af-37d4-4621-b2d7-9b5352f1a8bf	22.556	fast
8ff1d9f4-355d-44d1-aed2-cdb7fe3422a4	26.573	fast
2dd5a9e0-ab4b-45c8-81bf-127a277792b0	20.402	fast
9bdb07e7-c1b6-45bc-9c27-e6a148cfc571	21.755	fast
e17abeba-680e-4e1f-b3c0-8e45ea3de082	25.762	fast
be416a23-e2e5-4a21-8908-68bf5c035f67	9.202	hac
0ccad0cd-636a-48fb-8184-d00a5636ac6e	23.134	fast
387b3fd1-7298-41d7-9ee3-ade7466ae0ae	10.171	fast
840d1ced-9b63-4be2-8bcc-4aa4e35d95ae	9.410	hac
2e004e50-41e4-4d79-b712-bf57a338cc6e	10.095	fast
9b372496-ba17-499e-a966-7d53d78f2363	23.174	fast
372c671e-115c-4a88-8238-3e29a465dac5	21.043	fast
c51cbfba-118e-4495-84a5-2b25a8a3443b	11.071	fast
a2d67321-c3da-444f-b1b1-7584a9f2a0ba	20.971	fast
ad250f95-1572-456d-b454-3a9ada30da1d	27.121	fast
0ae71430-9bfa-43e8-a3db-c1ba73ca8ff0	20.674	fast
9f2d627e-9941-48e4-9a52-d6de2b59e324	11.193	fast
ed37d002-0e36-421d-87a9-4eb2b191e186	22.335	fast
59709fc4-c325-46cb-a214-df74b4571653	6.173	hac
3fd0bf54-a868-4735-ab69-784e3e93886f	16.160	fast
ee5f0d63-a7a9-4b24-81a5-11b8df8dfb96	23.873	fast
7fe5011e-73ea-4045-b53b-1eb32f349687	19.157	fast
22571430-c28a-412d-a14b-46a0c949d5fd	23.032	fast
4cf47b95-fdc5-4641-a9fc-9b9f1c18aa1c	21.879	fast
ab3eee6a-81f4-4e6d-ae74-35cb8896aae3	26.173	fast
cd97acdb-3260-421c-8b8e-c556e900aac1	22.728	fast
2a94b140-cf02-48c5-8ce5-5d10f97c50bf	8.303	hac
42181b74-c910-4035-b97f-231f05c9aa0a	17.893	fast
c0995e6a-85b6-477a-8fd7-9806b48a610a	21.862	fast
03967d2c-b3ab-40e3-9979-23d105aa9ff7	26.160	fast
fad6ecea-f1b5-4bf5-9491-a84530761426	24.999	fast
d210200e-3e6f-458f-97d0-6b7c74790a3c	23.107	fast
bfbb1441-0c6e-4642-934a-d6c2aa12e0c8	28.482	fast
2a91c075-9ed0-4b51-8379-d19c3f7ddc72	27.849	fast
ac5605fb-6475-41cd-855c-a23aeb65d179	19.221	fast
de40ab69-e9a8-4e61-95a5-c2d9e40cb14e	22.792	fast
fd767778-b10d-4677-acc2-da4325ddc9ec	11.649	fast
10a434bd-b744-41bb-a9d0-bbc22a1df912	25.474	fast
d104b58e-2423-4cc9-ab4a-5bf70416bf12	18.224	fast
1cbb2cfb-a183-4bb3-9558-e9f6c64ad46b	24.426	fast
a8c7b238-53bc-42d9-8324-7656c500e622	5.106	hac
aa00a4a8-87dd-4e3e-8773-8c39ec1545fe	20.758	fast
a262f47d-36b7-4c6c-b5f7-02b69cae21e1	17.089	fast
7da96db8-d802-4db3-a5f0-55ec8b512f38	25.298	fast
19b5e1f3-71d0-45d8-990f-c25227a58938	13.887	fast
a428fb00-4221-425d-9ca1-8258abf2cbfa	10.720	fast
e08464cd-089b-4846-99f4-818ea141e923	19.319	fast
532343f9-3190-4a7c-9252-8a449e099963	22.152	fast
32539ea2-d59a-423e-ba10-4ad7b2c7e327	22.537	fast
ca77ba2f-a067-4fd8-8e8f-f440ee0e7ba9	24.466	fast
e6c87ac4-1905-4c31-bfad-8eb919bcfe0a	7.053	hac
b39b7615-6f85-4934-94a7-f336fd54af68	4.937	hac
eadf9010-66ab-4e04-ae69-a7753e65c2fe	20.365	fast
ee02488e-336a-40e4-b50e-ef1de088e418	26.007	fast
fb7b2611-00e1-4d7e-bba8-c520848adf5b	17.019	fast
0252433f-c8ce-4a33-9ac7-bb8c56c1d0dc	7.152	hac
81cf531a-0d62-4d92-b929-21a280a5c697	24.414	fast
142fa499-d6c4-4d57-aa97-18def14f3fcd	23.346	fast
ee74cd7e-965f-4be2-aa39-5cded2f7a8ac	25.190	fast
aa181153-5854-4cac-8b16-7b5b94823607	25.939	fast
7dc88c9a-457e-486f-aab9-faaa454e0232	21.652	fast
6af11fb4-a095-4e02-925c-9a26b358e5a5	26.442	fast
5c37afa8-5877-43ef-ab50-c15894325063	27.342	fast
ac1cd0fb-17de-4eb1-9897-dbdb7066b87c	22.758	fast
63dccb7c-83f7-4655-999f-cde7f5334b28	9.194	hac
9aef84b3-c395-4a31-8027-dea518e33bd8	23.479	fast
c7a5ec2a-0517-4d47-8d3e-66b6b6b4d01b	8.347	hac
ec0d2e61-b923-4e2a-a786-1537461458b4	13.285	fast
1e10f2b5-84a4-4882-a3e3-73949e2167bc	5.509	hac
c53328e8-8041-4530-a6d9-72fea4495835	25.281	fast
cb10d8d4-489a-4307-a8f8-95b61cc04651	18.798	fast
bd604bdc-5c63-407d-90a1-17d409215fe3	21.384	fast
96e547a9-5374-416a-828b-eed2284efea7	21.257	fast
196aa4c0-c0cd-49c0-8fa0-f35c2c49a68e	27.199	fast
26d87e9b-78ee-496e-ab7d-1454d4208673	26.122	fast
da601d84-6bb2-4e9f-837c-b8f2ec343738	20.830	fast
39edfad4-ce51-4970-867a-d92868624c5f	24.367	fast
a2f83031-a77d-4cbd-8c8e-95e3e892c48a	25.802	fast
adc7f761-068c-4813-9b8b-8facfed03feb	26.822	fast
8276bec0-c42b-4267-ac17-bff88ef8f8a7	24.810	fast
04b25127-7ce5-4bee-b063-11291ccff678	14.840	fast
043bd67b-e126-43e6-ba11-8183cf35ac38	11.724	fast
ea1e56d8-e6ec-46f6-aa33-43758983d4e1	26.103	fast
ea883acb-37c7-4b67-bb39-48da00d31813	21.997	fast
e592c571-d4e1-4452-ac27-03f28f64ea2a	20.718	fast
1dcb32e1-ba93-491d-9348-9cb2db618828	19.786	fast
3ed2d4c7-0926-4a6a-b250-a624200e6296	26.347	fast
93cd1e87-3fa2-4575-b210-bfccea748d3d	20.135	fast
16e94f4f-868f-44aa-94ba-6a01171a801e	18.166	fast
2a7acb58-df98-476f-ae0e-25f5d19d6378	25.874	fast
ef6755f0-0eef-4ee2-bac2-e087c513e3ae	25.096	fast
1eb4bcab-8b1e-4b4f-98b0-1a4eafda1811	23.657	fast
91c95437-d3c9-4e0e-9539-19ba35b179c6	24.966	fast
526b225d-29e2-4738-b243-7ac9f6353162	10.955	fast
0f2e141b-6fb9-4dd0-b8ee-ad1ea3093ff8	7.083	hac
ca4deda1-43df-46d8-9f99-3c95b67cad7b	25.672	fast
63ceced2-cc4e-4b12-8314-142e0c3a69f3	26.630	fast
deb3f27c-0778-4fd9-bcfe-0441e3e198d7	5.384	hac
d5bf475b-64bb-48ed-b32c-5a9edc683a4a	22.399	fast
6b5bd322-2bd2-4a05-8ae2-c0a3741ae9a1	26.134	fast
2a4a6508-0406-47b9-a75c-89b22f6671e0	16.669	fast
6fdd3069-22b9-435a-90b0-830a30fc900a	18.231	fast
7384bac2-bb21-4043-896e-1c786ce05c5f	25.038	fast
66cba0e3-866e-40d4-9237-f30c21c23a4a	19.445	fast
a5ba1030-19c4-4604-a757-28b73afefa8d	24.342	fast
20c4e556-51fa-4a23-8b2b-ff1fa1c2d062	17.675	fast
7589685f-78df-4dbc-bf4f-5a085b728dd3	25.053	fast
c479e8ae-160c-4248-b597-cb992673cb98	28.035	fast
7989719d-ff61-44c0-bb6f-d8860dc9d346	25.971	fast
009b33b6-02b9-4ad7-b4e5-81584532c08c	21.380	fast
9239d0f5-9e55-408e-823d-8c3b75aea09b	25.793	fast
985dac64-1fae-40a9-87b5-556c7dc8cbac	18.659	fast
6691f1b9-979c-488c-a05f-2bd9a6054513	25.377	fast
02fa1ecd-7bfc-489b-8fa3-ba24296c6811	24.567	fast
6af5ee5b-d1e2-420b-b62a-7cbcd8571324	21.246	fast
ce97c524-a606-4f4d-8144-aac5f33a9204	6.196	hac
96f77ea3-242d-4b73-aa77-92bc1f684c6f	8.000	hac
fe24bbae-5470-4df3-9c29-911e53f3322a	22.684	fast
555f40fc-bbd2-4a31-923b-da6f8794ab50	20.853	fast
7ad5c458-ac44-4659-a92e-44d6582e32a8	25.082	fast
a5ebed6f-4a6b-4927-9425-e52456aa5831	28.044	fast
26e7243c-a37c-4537-a39a-44734b207b88	23.932	fast
e829daf8-13ec-48f0-a730-584699743bb6	25.103	fast
6405bee4-f8e9-4954-907e-22cbb4e241d9	20.318	fast
5cc50355-f67c-44aa-a377-d3adf87513f7	9.731	hac
cef76354-39ef-44b5-a3ee-484ba073e5b0	25.438	fast
f3dfa601-7feb-4fcb-9c0d-dbf503939d0a	7.979	hac
6626b3d6-686b-424a-83cf-0c9e5f343f9b	11.510	fast
0605609a-633c-4977-ba3a-7fd8d8923662	6.567	hac
f69a7b6d-d677-483d-a39f-f48aa62ff70f	12.885	fast
626c3b51-916d-4f5f-8cf3-c4c813aa22cf	14.410	fast
9710298c-59e4-46a2-9c43-ecd69e3f280e	8.476	hac
fda82fa0-98a2-414e-b93d-161c77976498	21.837	fast
92e56d3f-1353-4f21-a935-d37a9f2b30ca	24.784	fast
04cb3ac1-dce0-4a89-8ebe-3f0d6316ea6a	20.851	fast
e82fac40-c071-4c8b-8dff-64fc26fc7f67	23.069	fast
6f61d6de-0476-4f55-85e8-f2818c0b699c	20.808	fast
1c17d5ec-4f86-4f59-9022-4b6737855c35	10.498	fast
34ea5399-fac4-4418-a33a-e78129c92546	8.745	hac
d00e9e94-5904-4fa3-995e-41704dd037f5	26.663	fast
e181cccb-48a2-46ea-a6d4-ad37d2a7c3d4	21.359	fast
57c30652-6a9f-4cad-ace5-8f99bd1c7e20	8.409	hac
df891261-7b52-40bc-9652-813210e4d8d2	7.620	hac
8d23e661-b10a-45aa-ae57-05050d6ebfb5	23.118	fast
b195654e-a15d-46e0-a304-e03deb1d3700	25.221	fast
8013c55c-c41b-4c1b-af55-a59b58743b20	23.793	fast
61a9d9ba-32f2-4be3-a4ac-1a55958184ae	8.334	hac
1d977a38-084d-483c-964b-a2989a14dbc5	15.847	fast
08b1fe0f-255d-4f01-9a2f-0faad350ebcb	8.377	hac
ef52ece1-af51-44ed-91be-7990a1f0568b	23.960	fast
377c5bc1-8291-4263-8889-6dc5ea190f2a	8.856	hac
5347da1b-c078-4395-a3b9-1d54faee3c2c	18.599	fast
c9a661c9-b43e-4574-83b4-0ac235a09373	12.994	fast
1ed314ed-2f02-40c1-9abb-c8aeefe56640	8.610	hac
e436f2d4-c3b8-4b9c-8d7f-8c238690bdaf	20.597	fast
05ae512f-f871-47b3-a5e2-48244beadfe6	24.813	fast
5a626ed3-a503-45c9-b0ae-e9d86b879595	16.682	fast
5e589e53-2bfa-436a-b28d-a7939453cf68	22.600	fast
e048012f-0a91-450b-b747-fb958dd8fb8d	18.995	fast
c591ca26-c831-4965-92cb-f4bf169b39dd	13.825	fast
abb21ca9-9878-4982-b447-479636d8d838	23.929	fast
4b284a18-794a-495e-a338-853c6678a3a3	24.118	fast
0ff63e7e-c295-4f8a-b962-d244675b05c7	26.495	fast
3340ba52-0e18-468a-84f8-027df322c0c5	20.450	fast
7c81e589-8ba8-4004-9551-6df70b9ffcda	19.351	fast
067ceaef-b719-470e-a2e7-1f89992eb08f	17.679	fast
f9ed3ac8-7704-4896-b6ba-bd6540bfc5e7	16.405	fast
2b831687-078c-4553-8f9d-49f3b56b840a	29.722	fast
48f009ee-8ab0-4c08-b8a8-ab23c8d81423	22.727	fast
edaf6e09-9dad-4f3c-a469-daf87f3be276	23.596	fast
722dac01-7347-4911-91bd-faa44a715f05	24.956	fast
4dc24753-9365-422e-81c2-b86e6991dc39	15.132	fast
60e449bd-2a0d-4ae5-8879-bbded998627a	9.996	hac
ec7d8adc-030f-413d-8d16-63e3cb5f61b0	21.810	fast
460d1b1f-dac9-4306-be68-9ce1cd71f33b	21.619	fast
10eca5cc-5f49-4387-961d-9711e7da6ec8	29.470	fast
c274d50e-2bdd-42a8-80eb-559dbfdea744	9.146	hac
7f0e6b94-4ab6-49a0-86ac-6a82a0c743f8	23.013	fast
9f980c85-06cd-4c8c-8537-3c247e047d8d	18.270	fast
56d49e98-eb0d-4280-b7a8-3a74ac4b3f77	23.859	fast
c07dc76b-5e24-4b9d-87f9-4fe0de5358b8	27.209	fast
f8cf2195-dfe0-4229-87b8-d76b39eb0684	23.157	fast
bbf7ad06-d44b-4f92-a85e-41636f2bfd5a	8.200	hac
4eeea644-3d97-4486-924d-18826555a7d6	22.959	fast
ab7e698a-ddaf-49d8-ae8e-abc0821cf5e5	25.040	fast
61ee20fe-b5e9-4ba8-a359-653ed6b6e880	13.274	fast
848233ac-cd98-4b25-b1f7-abc32cb0bc95	19.739	fast
8606741e-30f1-4d41-b569-cabbb959c268	17.549	fast
a2a0731a-1e76-4576-be27-d9a9194dd34b	23.501	fast
5f90b675-a373-4cf9-866a-c22f2071a0b2	23.767	fast
f5c1fc99-0f24-4298-9696-e99a432f70c8	25.721	fast
4a69e4c9-265e-442b-8ec6-031be21087d7	9.057	hac
cf23cc8b-b954-4aac-b613-c5f9583a01f2	27.063	fast
d1c8bf0c-c805-4973-8132-0b08c036c2e5	22.148	fast
3ea4b869-0967-4b87-a598-1247b0652c1b	21.740	fast
385d9df5-be4f-4a6c-bcb6-9049291737ec	22.999	fast
c18cbe88-7913-46f3-b5c9-dd195394909e	8.123	hac
19d2ac7b-2fb4-4dca-84e9-ad81fd87c4b3	19.783	fast
03c7ef1b-52c7-4eff-ac41-200003189ba4	16.612	fast
3611a357-2580-450a-916d-893992f989ba	9.517	hac
54f55349-e347-44a4-9e92-436241241469	17.980	fast
11f29a03-a933-4094-a0c9-5a0a1a67d599	22.293	fast
a460dbe3-85ed-4a6a-8724-a965b38fe5e9	17.554	fast
360919b8-9089-4ddc-a706-c71325df5efa	22.157	fast
f274341d-ec52-40d4-8fa5-d04dcd23e748	24.398	fast
9df7327c-b010-4952-9205-83f9c7496f20	25.453	fast
bf58fed1-d039-4e26-9205-0d3e830b31d9	20.162	fast
eecfe787-4c05-499a-b5a1-cb268fa0b887	24.337	fast
b416b99d-cf21-44d6-b36a-85931300961f	26.741	fast
ce5f3168-ac86-44be-ba38-ecaf1f767903	12.660	fast
1c2abd46-f0e4-4a3c-8ccc-d7f376b7867c	24.646	fast
680ccd22-cdcf-4b9c-a1d6-eff2921b3e3d	22.780	fast
a3cd0d5c-0e58-49d5-9c6f-399a34a01c23	8.777	hac
ef548cd9-1cff-4542-a915-21678ed64f8a	23.482	fast
c210e37d-5edf-419c-9daf-dc2863273f4b	17.612	fast
a0aabd9d-9d34-4bb7-b663-9b46147b2f54	8.056	hac
3862e3c8-7d35-47cc-ab24-0f03e4e14f78	25.842	fast
a92028b8-5447-4fcf-a24a-6b309694c2a5	20.520	fast
0d2db2c9-1f8a-4b55-bf75-4b0da2447100	25.089	fast
f89faeee-d59b-4d65-ad8c-b3e5a671051b	7.633	hac
4a212d2b-a6c4-4b0a-b074-459c81987836	17.072	fast
b515813e-c217-49c6-a359-9e4a43122ea7	21.099	fast
1dbf24b6-dd18-4d01-a9e5-223c45136388	21.489	fast
707113de-5747-48b4-99cd-e2a21fbf939e	13.392	fast
6b89fce2-e01d-4dea-8043-77aa82ca4de8	24.802	fast
5e56e466-ae08-4af1-af4b-d2e125686eb6	25.464	fast
d2867fa4-c532-41c6-aa7f-cbcd72d72aac	25.821	fast
10d1940b-b120-4d39-9625-12c23405e125	25.307	fast
0bdb6aad-8ba1-4b5f-857d-e59a518d5c23	19.706	fast
590a7d5a-7534-45ec-a37b-bbab07512193	23.825	fast
5b435619-6136-4be0-adfc-6f87655572d4	25.048	fast
cfb32bad-b571-475e-abf4-de183bd0edf8	8.149	hac
e552ddd3-2482-463c-8f9b-6ef5a06a0519	22.357	fast
1f6b8a37-5ba5-44ee-b792-4f4b3e05b11e	21.313	fast
10f92ca2-82c0-4e9a-a602-3b8d2f5896b3	10.580	fast
fcf78fad-a947-41da-ae9a-1c4705f543fa	20.279	fast
3a7d80bd-d1bc-4d5b-9b08-d7e119c980eb	24.746	fast
be4a0f5c-8761-4d87-9236-7a7ee0432139	22.239	fast
b5692e0a-7a37-4906-90ce-0e7f85100e22	28.805	fast
22a822b4-4cf9-47a7-b27b-27db28617e2f	24.806	fast
4a83e0f9-4d5f-40e9-9ee3-a77280745d01	9.026	hac
f9f84ad2-aa9b-4b58-8300-0b39a1024736	12.699	fast
dc913afe-5f4b-46cf-a040-83238238f394	22.505	fast
f603f9b1-14de-4979-99cc-746705f4a11b	21.356	fast
b949e288-3b20-47fa-9b31-3bcaeae61044	22.252	fast
5be20c72-e002-4624-9fd6-2158f1872ed8	15.833	fast
407899a9-44c0-4677-a2a0-5aef61809f08	21.393	fast
94f3bdf1-c87a-48d3-a4e3-e64c46a09e60	9.389	hac
4962f00e-3470-4207-adea-1e38e1860082	21.128	fast
bd05897b-2012-4755-85fc-c1b21e587358	8.174	hac
e78f672f-d6ef-4a6b-bbb0-23e1e3991fe8	17.009	fast
8c8b683d-0d52-4320-ac7b-2cb9fe07ca41	14.873	fast
57d62f51-c757-4221-906a-b4a81dc9de0e	7.005	hac
19d426c7-be67-4947-bd26-31e15281334d	6.312	hac
26489461-291d-4230-a854-1aaefd363d08	22.661	fast
7aa1f452-3d09-43f5-b0ec-bed72070e061	23.986	fast
5063f4d8-66ff-45e9-8c48-0e4217aa3ffb	9.562	hac
75b0a936-e471-4cae-8752-4da2cd2f74d6	21.772	fast
8c695f06-1bf8-449d-952d-9642bc4ff067	25.141	fast
afb0a1ad-22f8-443a-b06a-b1474358cdaf	23.399	fast
bb25ab9f-90e5-4050-9bb3-58c14410e75e	24.365	fast
139b4745-de3a-44c0-9e37-847df4623723	22.992	fast
44331238-c310-4b3e-9abe-826c9b5705c5	23.909	fast
c2678fc2-71f8-4b19-bf1a-9dff0bf7c633	24.640	fast
d6a2770b-8b28-4260-87ca-48109d0660ec	9.439	hac
735c2f72-95cd-4940-a9db-ef76f77940f6	27.027	fast
197ed0e6-b999-409e-b7f3-e3b5c7f80227	8.052	hac
043fc8b3-1434-4a0e-a12f-d7f3cab4f9e2	6.897	hac
d65ba305-ca2e-4161-af56-47ed2d07aa04	20.833	fast
17db7fab-530a-4dec-886f-8563417359cf	23.128	fast
96424546-34fd-46f0-9c95-49e7b151b0fb	18.618	fast
9cf34a84-129f-44f6-84d2-1c0aae4eb0c9	29.170	fast
4163a8d1-77a1-4d2f-9a34-66f5f0071608	23.600	fast
9db984bd-68d8-40c8-b73f-417ac33c6f8c	10.714	fast
63772ead-5b63-4c46-b97e-765ece4bc343	22.863	fast
2ab719be-f2aa-4b35-af4b-fd9c00c6f1f2	22.634	fast
408e3ea5-3849-4bea-9b04-465ba0655675	15.446	fast
7b0510e8-a723-4627-af30-33a011b1fa78	19.788	fast
b4c0421e-49f1-4fec-b54f-1b9f99002f0e	23.243	fast
234e78a2-a710-4766-9e24-40dfb1cdcaaa	17.391	fast
867d123e-e4cd-4647-b84e-6312677411af	27.934	fast
69331bce-fce2-40f8-baa5-b6597f0daa8d	9.651	hac
75620ae3-7ff5-45e4-963a-45ea1a235165	25.815	fast
ba573862-a193-4d0d-bc48-4da3f202f611	26.844	fast
70bc1bc3-261b-4058-acee-522d49ac31bc	27.224	fast
b89ef293-5e87-46f7-86f9-46eb560d7586	21.931	fast
d1bbffc8-17b8-4b3c-93b2-0fa564ee4b60	26.328	fast
5a64304e-6bf4-41f9-aa8c-1021c318f2ca	17.790	fast
486fc571-6e5b-459d-93b9-e153dc349460	24.552	fast
d54fe7d7-679e-4c19-a86e-1b90f4345a08	25.175	fast
bd7c1657-3307-4f32-99e0-753f240c8ca2	19.541	fast
5eaf7445-ff6e-4b79-8a37-289841a3dbbf	8.100	hac
84ec870d-ff17-48ad-9690-a737ba9c0817	24.706	fast
010d0f56-6192-4ce8-8640-e1525c29df9a	6.836	hac
6f4a6539-d423-4ede-8724-6486ba650709	16.763	fast
dcf930f5-efd0-47b5-9df8-f63e5c2982a4	8.578	hac
b67f9156-7832-4b7e-9700-085403e0fd4b	18.910	fast
d4b541be-11af-4669-ad69-6b150091a8f8	21.241	fast
1ada9e17-e613-4928-a6ee-a645706c3629	23.325	fast
d0a37c49-e70a-4df5-9e62-3b3ed7787ad7	26.329	fast
5c855641-a88d-4b0d-885a-a27000276359	20.584	fast
d2fd3305-06cf-4771-917d-bfab6cca9919	20.469	fast
36d0bde5-95a6-49f3-bd7b-fd4fe363f260	23.020	fast
f0a61c37-002d-4a3d-9a55-5abb8e063966	7.144	hac
5685fd87-d58d-49ec-8f5e-32997a1e698b	14.349	fast
e8c871cd-1ac7-4959-9a56-8c27194c3792	23.254	fast
74dba575-8907-4803-a73c-ae99003fa226	27.853	fast
9cb19a8c-e1f0-4886-8468-ec079dc5a5a2	11.618	fast
52323cea-b85f-450c-b795-12509772059e	24.900	fast
0f7b5e42-3a74-4986-bf84-6604f238bf4d	16.785	fast
7a0eb431-98b6-46d5-953c-c02659c5906d	24.504	fast
fb0367c3-d851-4f40-9789-f817489abf95	20.285	fast
8ba85dde-83dd-4f63-8a4c-9fdf649adae2	24.355	fast
c871485f-1157-4113-a8d9-c61af99285bf	26.570	fast
fb601f0d-6324-4c0d-8a21-99bca4175019	18.201	fast
f730d4d0-1d5a-4201-8c89-ba1a69f2172d	17.928	fast
d22670d3-a3bb-4810-a299-40be1e69d404	19.880	fast
41aeef4a-31be-4ca6-83df-519f25f806d0	22.217	fast
c468746c-e289-49b2-810d-a87a41cb7189	19.261	fast
a97e0675-7c3f-41c4-8d62-b1c5cdcc878b	20.637	fast
9137ae71-5bab-4edd-92eb-0bf88b560caa	21.813	fast
fff9ce2b-e395-4d1c-ba6e-1681d68618c0	23.031	fast
95321601-be98-42f9-874d-150f2a786ff2	9.784	hac
d5b2d809-3db7-455c-8da7-ca5dc127e5a5	22.290	fast
d45a32d9-9ae0-40e7-b0ee-5447a227af45	23.396	fast
737d61d8-df32-4c4b-8e8e-50dda21cff10	22.824	fast
2bbd5fab-5e47-4d12-bdd5-a5ab31e5e9f1	20.876	fast
1449093e-4634-4e0b-969a-1720d0725617	20.179	fast
c1eec5d8-63bb-4b12-8d4e-188c6fa45b81	9.730	hac
fcf51526-d12e-4c86-ac71-4500f0beb43f	16.472	fast
169de352-4fe5-4ba3-8781-dab8f9cb1693	17.381	fast
083db5b8-8d5b-48de-8985-45ce7c48c53c	24.496	fast
7d6703f7-c9ff-424f-805e-40d3fac32821	27.199	fast
4947cc6e-bfd7-4cca-afee-f6593ac22dbe	23.466	fast
fa393214-1440-47ad-8230-5117087a0197	26.559	fast
cbbd379a-bd16-4862-b20f-c42ee0aa3fcc	26.069	fast
b3615d1b-d450-40cd-8f94-b1f97b83749f	25.365	fast
edd117ae-03f6-4dd7-aa15-6f7c52a9cc2c	9.619	hac
edb24763-dc2a-429b-b252-28261fb1db87	19.867	fast
21bb1c1d-aafc-4094-acd7-49b367a3986d	29.463	fast
9a7b7f74-c165-446e-98a0-05ce7a678f52	23.003	fast
2220c010-e4d0-45cc-8280-320a780851d5	24.545	fast
4f7e99e9-8f83-4dec-9197-1fc4a2d75adc	9.091	hac
2dadc469-b68f-4e76-a9e2-e7df623fa405	20.091	fast
bed8a694-1695-488b-96bb-e659f2730375	18.776	fast
370c337a-6c6a-4dec-824f-36f08df5f8de	10.533	fast
b3ddae94-62d7-4800-8462-a282f5e534f6	22.969	fast
8bfaefce-1dbd-478b-a2cc-477cc6227d8a	17.007	fast
3a6553c5-c4c0-4217-a41d-77ee26357f75	25.150	fast
d846ed58-47ec-4100-b105-d901a7a72162	25.334	fast
9989e8d9-250b-4eaf-8a3e-c275c901eadf	20.123	fast
7461e757-f7e8-4441-b5a2-5409d566a565	5.985	hac
9559a249-8758-44af-9655-db14402aa242	5.214	hac
5bdf5fe7-380d-42c3-97ab-b5dc92771bc1	21.077	fast
e9c66611-e2b9-4d63-bde8-948e0a99bb1c	15.958	fast
4e78c52e-d850-41ce-917a-ecb634183a2d	16.761	fast
071ac60c-300a-470c-8556-49baea883981	9.052	hac
91c0df0e-4dc8-44e9-bf41-753e3213eb99	22.501	fast
753e9537-e3f3-49c2-a8d7-2d47aa635a74	24.482	fast
353aafeb-877a-4774-9144-7bc5a02887c6	20.538	fast
3ce5f5d8-adb4-4ed3-8b35-256315717a3a	22.104	fast
c5d8dfc4-b5d9-49d0-bc92-9fda3092ec60	21.063	fast
c86f8886-81f9-4f5a-99f4-2ea4d22353b4	22.302	fast
da9c1665-4846-4750-bdcc-c9d7302fe0b8	21.086	fast
5e965e30-1a2f-4137-a7f8-f04e08dec3b4	25.988	fast
9007684e-8000-49b9-a103-36d3b603e1d6	22.473	fast
20ce9177-43c2-4e2d-8914-fc6dd7b2ca15	12.718	fast
0f272ea8-8743-40d1-bf0e-4a8be3d511fc	25.519	fast
d888d51d-dc58-419c-9b07-3189c17deb01	23.747	fast
07411305-f9cf-4d4e-8c19-3d62b561fec3	24.267	fast
cb490e97-b79c-43f2-aa4b-0c8c4cc06f2e	12.872	fast
b56612d3-310f-4d1b-a12f-48adb0869b04	23.086	fast
436f2db8-f6d6-4922-be52-46ddf263bd7f	23.512	fast
c3c038fc-4d41-4ac6-af8d-24c0e01c55bf	10.713	fast
9d8f0d63-933e-43e9-a309-0581667aea92	16.183	fast
b9bfbd6a-eafe-424c-acdd-432466b6188b	26.154	fast
4de0d397-b0d0-4fac-adc2-d66bb39216bb	9.013	hac
fb554d1c-2c1c-49fe-8d53-571bede27b37	17.653	fast
c75bc756-7f8d-4232-8527-79acda9455c8	25.173	fast
3e47a9d8-da45-42c9-b28a-71f0059d31c5	12.950	fast
dc2e3b6e-b075-4b7e-ad75-92cc25e70a5c	21.149	fast
12cac764-8157-4868-8852-e2e72462688a	26.501	fast
627d7426-4a38-4183-98c0-9fddb3457012	22.751	fast
661c3c15-574f-493d-a2dc-fdd03559136b	21.384	fast
61cb50ad-00d6-4394-8cbd-5328cec4c0da	25.710	fast
ed2d3e74-3dc5-4b68-91d3-ee0920b4aec7	24.319	fast
54ff7ea2-83fb-4f59-975c-1c2c4f315063	19.453	fast
ec11ce51-72f1-4d8f-9729-03aac63ce5d1	9.804	hac
57294656-28aa-428d-96d6-ecc51454ec69	23.988	fast
02d671d1-9749-488e-92a4-089b1d3295ab	8.970	hac
349bcc0c-95cd-4717-ac76-6b6b3f30214c	8.986	hac
41d1938d-cbc3-45bf-af73-65b4894d0b34	24.255	fast
7c20aac1-e8e5-4a04-9678-cba62027e868	22.405	fast
15392bfa-e1c8-48f0-89f0-766f955af545	25.739	fast
63fc197f-a0a9-4880-9ffe-eddff666d582	25.609	fast
256b5f79-7dda-4a7e-a850-07e7e4d0c1f6	19.686	fast
4c199b31-f5b8-4e8a-83b3-fdf42475d2ca	26.193	fast
f991b357-c28d-47aa-925e-c721a4628afb	25.566	fast
2a8d059b-3bd7-4183-a683-a2cad81a1463	24.317	fast
b3d9212b-1a96-4239-a6c4-afd41a2e85fb	24.962	fast
5e872df5-df1d-47a6-a9bb-421d2ebe7279	19.143	fast
8e4f38a0-f4bb-48b5-bed4-9b40072da7c2	6.627	hac
894ec906-0704-4c23-95d7-6c68f0c7ff68	26.852	fast
2c56088d-d389-4c0b-aa5c-85464c6d47ee	21.136	fast
fda093ee-186f-42cb-8fec-0d395271185a	5.000	hac
aa272514-c216-4125-b228-1bc0ed934659	18.723	fast
0cef90d0-4964-4ff2-a4c0-d759bdf4c626	26.636	fast
98eca0b0-537b-43e4-a892-d79d899006e9	25.272	fast
33646dbd-4566-405b-b427-34cce4e12965	24.733	fast
f4d6ba17-76a1-4a1b-a662-10ed15a808c2	15.628	fast
3ffc3da5-5310-4af1-82bc-05085bff73ec	27.252	fast
ec68ba6a-fe99-42d3-95b9-87a47b769135	23.347	fast
c737d746-423b-43e8-bb2e-f43e003b1163	19.032	fast
2df5c365-3bd2-4cfc-9cd1-679c1f9f82b9	8.976	hac
da0ae4a3-993b-4a2c-b807-f5eddb3fe0d5	23.687	fast
db1ac5a2-610f-4bca-9f2c-9f0af3f98f90	24.625	fast
3fe84b83-42ae-4e6d-b1b3-916bfac93442	25.329	fast
da9c6e59-d771-4ceb-ba53-607f42473827	23.098	fast
4638969f-1f0a-4df3-addb-7eef80382781	5.832	hac
ec4afa59-1ff1-4342-909f-f1bbf3d95433	21.528	fast
245ed762-dc35-4bf5-a1d4-701ed298454a	20.607	fast
97f0e604-0348-4040-9c51-24121b7333bd	26.606	fast
62ed8392-3e67-4897-a0fa-407e78b33b35	21.693	fast
4df14690-8fb5-4b83-8f92-2189411484cc	9.886	hac
72e4eccd-dcb4-4bf9-ae6a-aed7810894e1	28.090	fast
85971b2b-d18c-4d4b-a3a2-bfd158144496	22.108	fast
7ae6caad-1fb5-46ba-8699-1a984c01bb1d	23.492	fast
f1da2ca0-fa64-4cb6-8e0d-1fe778a397db	23.139	fast
69aa61dc-c89a-45e2-abef-f1cad6dd9a48	7.216	hac
09b2d4f0-4bef-4e6d-82b6-1523e815ba64	8.175	hac
978410db-67d9-4797-9704-b38e474852cb	8.828	hac
403b6d81-56bf-4236-b591-cc6e6fd91b42	20.128	fast
2d5b5e25-49e1-4214-ae7c-ca73bef3bd85	25.589	fast
59eaa662-88e3-44cd-94e7-2c3c833156f1	21.845	fast
baf93602-7914-45fb-aab6-66773a7c243c	23.885	fast
5fbe5859-a786-4b1a-9c03-25daf400b177	21.565	fast
84126797-2c00-4ce3-af95-106ac0dfb98a	24.205	fast
2d98bc7e-6274-470b-8e55-68991042c0ff	8.860	hac
40935e69-42d1-4395-8ff5-efb0d08cf658	8.231	hac
18481bde-cc3d-4c7c-8c88-ca95e6a93be4	22.265	fast
0469faa6-bba8-44b1-abf1-2bb68d471ab9	23.034	fast
c6010d4a-baa1-4b54-b978-99740ce00d85	21.726	fast
2b3508ff-d267-4a0d-87ff-ee7c7422fd97	27.144	fast
6cb1d480-39a5-4b76-a67c-e4bf5d57a0ee	6.922	hac
8afb64f3-d05c-4e77-acff-eb660ce8a55e	8.413	hac
b5608f57-7468-42a2-aea4-f2b06d3ddc2d	24.313	fast
e63292a0-b45d-406c-b993-20692af6483f	24.334	fast
cff7a3c7-db1a-4414-8d2f-720be7fd6a6a	8.544	hac
f9d8a453-2df1-4d12-8698-ee7d22f85bb4	24.266	fast
8d1f2695-25f2-4d60-a5ba-cf201a2c189e	25.323	fast
6298d89c-d13c-44e5-83a2-ebb1c04c117c	14.909	fast
c3551a71-1946-4aff-9ace-b241f577835f	22.930	fast
36f50c3f-d932-46aa-b406-41c849ee74e3	9.065	hac
05e075a0-ed38-4bf6-b54a-3bb6a711b3ba	22.310	fast
98b013ed-648c-4252-8c74-061cfed10c8d	26.778	fast
8d1ccabb-d205-41a5-82a7-d5ecdf9f3cec	21.521	fast
5e4e417d-8922-4b71-a719-e768540f2063	25.706	fast
96d13258-1911-4879-9bc1-8aaf880535ab	12.081	fast
609bd617-8781-425c-a70e-aaeb4270b044	23.708	fast
84141958-984a-4dba-a877-94faecd9260d	12.642	fast
72bebda3-4a62-4b3d-b0f1-bde9d248ac18	8.287	hac
7520e094-b9ef-47d1-a58a-7a4e2bd4409f	26.071	fast
434f7610-a896-4a3d-8de1-552b177cb823	24.113	fast
664a84bb-7ca1-4bc6-89a5-3ea85422253a	24.214	fast
584b35d3-a421-494a-bcaa-ea306ad0827a	17.917	fast
12dbdc8c-bf64-470c-bf05-d23b9b8b9ab8	13.943	fast
96ecef44-d713-42fa-820e-4f7a9a201e2b	15.159	fast
2742ddbe-2bfc-422e-a34d-5e29fa4f205c	25.646	fast
ed692c56-9928-478c-9ae6-17058abdd8e6	27.022	fast
d94db11d-14e9-448c-8d11-111d6cc0736d	27.766	fast
c6398679-3fd4-4c4d-9434-a1911a17737d	7.736	hac
c921df47-51eb-4254-a47b-daebd20889bb	21.946	fast
d8e457f1-4c23-4a46-a656-8ad60e8c79be	20.194	fast
0070d799-0649-4eb6-895a-28be3595a87b	22.616	fast
57c03184-579f-4440-95d5-e2f6df6674dd	24.460	fast
4b3856e1-917c-42ea-9145-ce67c7c88606	24.080	fast
ef209873-0722-4930-a639-6f5141310531	9.260	hac
9b197278-73ee-4212-928f-e77ef6bd695a	23.503	fast
ef1336ab-c3c9-4225-bbbe-f5f7e2b0403d	24.015	fast
42717bc0-f981-4a38-91b1-32b4446c364d	19.387	fast
a172a6b6-33c6-4ce0-97b0-5d3d8e5625eb	7.575	hac
6a2eadae-d45f-4507-9dd9-71f8ba1ec5fb	26.169	fast
344603eb-0a88-462a-936f-e6bb17d7cdd3	25.985	fast
c05307ef-aafc-4728-ab81-5342ef860211	21.603	fast
22057c1d-0ecf-42b6-92ca-55af4e306a0f	23.224	fast
47f7e3c9-2b99-430a-b643-2ea18954a3e7	9.204	hac
96a8a98a-65e4-4a8b-a6c6-82f70e3539aa	21.721	fast
75180e9a-bc9c-4b10-87e8-3281863ebbd1	9.065	hac
02008639-d0d1-4cce-b437-290b1940e77a	22.895	fast
f051778c-deed-468d-9bdf-f6751e4ee001	25.248	fast
a3dea0cc-e571-4c71-8394-a92507336d55	23.069	fast
840a1936-84b8-4598-8412-a357f2937c3f	27.488	fast
7544293e-3eb2-4fbf-bd2f-9e825421079c	20.556	fast
f619091b-a196-4074-9ada-c16f2c62c66a	4.787	hac
da1b8cb5-0685-4c9e-b991-e34f743deb91	26.694	fast
eec582a6-bc7e-4fc5-bef8-520a75f7ddfa	21.138	fast
ac8db397-dc5a-4509-bd0c-1c3ad86d9ef5	20.192	fast
8bcb5f43-7670-4e93-8ba4-a8b299f2f683	6.478	hac
c08444fa-1833-4ce8-a61c-9a8ccaeed9b6	23.048	fast
cd65da88-c1f8-43d4-82ae-78a5fd901702	18.887	fast
e5f7d71d-3a2e-4596-aa14-7d2d07406234	24.139	fast
b23535e2-6df4-40a2-a146-5978b82d8c70	20.269	fast
e7bd0c83-9724-469e-98ee-da035448c400	8.814	hac
5a7809a9-a663-4f18-a671-30209da7683a	10.463	fast
979feac4-398b-484b-9621-b1c867b25bfb	22.499	fast
61b54322-bed4-457b-a9b1-3b7a37a56992	9.949	hac
6e1f1cb6-4310-4de5-8a51-c15b4f114074	20.462	fast
89e96ce7-9343-4470-ae08-7c48678bdcd4	26.739	fast
453edc68-5dff-443f-89cd-fdb04a1ea087	9.180	hac
268027e3-166d-4cbe-bf9f-a160ed7ce017	16.736	fast
a4e4c071-28e9-4d43-b9c5-7134846f4987	10.504	fast
4b20a6ef-26ac-4efc-91cf-c929814fb039	25.125	fast
bcee494b-8a63-42ed-ab32-e1cf6f3e6fd0	28.151	fast
bd363b61-b990-478e-8cb2-42245b65a3be	25.456	fast
64af3182-9f9c-4bd8-855f-c8e50b0dcbe8	24.350	fast
8d3119ba-ed35-4339-9ed1-8ab267c0cbf1	26.051	fast
64851921-d4f5-4ee5-858a-92d04abb8506	9.725	hac
86fa5dff-de67-44b3-bcff-10bd44b462f4	26.321	fast
d1962d15-58e2-4d42-b9f6-1f57af5b153b	23.421	fast
f5d89e25-77eb-4d59-a0d5-7e6af90cdc1f	21.966	fast
678a352f-2f6e-43ef-a6f2-f4cd0b87bdfb	26.859	fast
ee2d974d-5e86-4671-83ae-299417c02e50	21.460	fast
8694e8e9-637e-4c08-bf60-94d79f270298	24.984	fast
31d8294d-0bb0-4f98-b6ca-ef0acdec71ee	25.905	fast
d5ebcf18-f788-483f-a953-624a953defc1	24.381	fast
cb00e2c4-b185-4a0d-8b80-bf2c67e2d58e	4.561	hac
c8f5b3bd-9422-469d-95af-42a0ab804dd9	22.274	fast
